{"frames": [

{
	"filename": "bg-bonus-gem.png",
	"frame": {"x":1056,"y":1,"w":159,"h":160},
	"rotated": false,
	"trimmed": false,
	"spriteSourceSize": {"x":0,"y":0,"w":159,"h":160},
	"sourceSize": {"w":159,"h":160}
},
{
	"filename": "bg-gem-ingame.png",
	"frame": {"x":1,"y":1,"w":1053,"h":558},
	"rotated": false,
	"trimmed": false,
	"spriteSourceSize": {"x":0,"y":0,"w":1053,"h":558},
	"sourceSize": {"w":1053,"h":558}
},
{
	"filename": "bg-scatter-gem.png",
	"frame": {"x":1056,"y":163,"w":159,"h":160},
	"rotated": false,
	"trimmed": false,
	"spriteSourceSize": {"x":0,"y":0,"w":159,"h":160},
	"sourceSize": {"w":159,"h":160}
},
{
	"filename": "bg-wild-gem.png",
	"frame": {"x":1217,"y":1,"w":159,"h":160},
	"rotated": false,
	"trimmed": false,
	"spriteSourceSize": {"x":0,"y":0,"w":159,"h":160},
	"sourceSize": {"w":159,"h":160}
},
{
	"filename": "gem-bg-number-line.png",
	"frame": {"x":1056,"y":487,"w":31,"h":31},
	"rotated": false,
	"trimmed": false,
	"spriteSourceSize": {"x":0,"y":0,"w":31,"h":31},
	"sourceSize": {"w":31,"h":31}
},
{
	"filename": "gem-item-ingame-1.png",
	"frame": {"x":1,"y":561,"w":159,"h":130},
	"rotated": false,
	"trimmed": false,
	"spriteSourceSize": {"x":0,"y":0,"w":159,"h":130},
	"sourceSize": {"w":159,"h":130}
},
{
	"filename": "gem-item-ingame-2.png",
	"frame": {"x":162,"y":561,"w":159,"h":130},
	"rotated": false,
	"trimmed": false,
	"spriteSourceSize": {"x":0,"y":0,"w":159,"h":130},
	"sourceSize": {"w":159,"h":130}
},
{
	"filename": "gem-item-ingame-3.png",
	"frame": {"x":323,"y":561,"w":159,"h":130},
	"rotated": false,
	"trimmed": false,
	"spriteSourceSize": {"x":0,"y":0,"w":159,"h":130},
	"sourceSize": {"w":159,"h":130}
},
{
	"filename": "gem-item-ingame-4.png",
	"frame": {"x":484,"y":561,"w":159,"h":130},
	"rotated": false,
	"trimmed": false,
	"spriteSourceSize": {"x":0,"y":0,"w":159,"h":130},
	"sourceSize": {"w":159,"h":130}
},
{
	"filename": "gem-item-ingame-5.png",
	"frame": {"x":645,"y":561,"w":159,"h":130},
	"rotated": false,
	"trimmed": false,
	"spriteSourceSize": {"x":0,"y":0,"w":159,"h":130},
	"sourceSize": {"w":159,"h":130}
},
{
	"filename": "gem-item-ingame-6.png",
	"frame": {"x":806,"y":561,"w":159,"h":130},
	"rotated": false,
	"trimmed": false,
	"spriteSourceSize": {"x":0,"y":0,"w":159,"h":130},
	"sourceSize": {"w":159,"h":130}
},
{
	"filename": "gem-item-ingame-7.png",
	"frame": {"x":967,"y":561,"w":159,"h":130},
	"rotated": false,
	"trimmed": false,
	"spriteSourceSize": {"x":0,"y":0,"w":159,"h":130},
	"sourceSize": {"w":159,"h":130}
},
{
	"filename": "gem-item-ingame-8.png",
	"frame": {"x":1128,"y":487,"w":159,"h":130},
	"rotated": false,
	"trimmed": false,
	"spriteSourceSize": {"x":0,"y":0,"w":159,"h":130},
	"sourceSize": {"w":159,"h":130}
},
{
	"filename": "gem-item-ingame-9.png",
	"frame": {"x":1289,"y":487,"w":159,"h":130},
	"rotated": true,
	"trimmed": false,
	"spriteSourceSize": {"x":0,"y":0,"w":159,"h":130},
	"sourceSize": {"w":159,"h":130}
},
{
	"filename": "item-bonus-gem.png",
	"frame": {"x":1056,"y":325,"w":159,"h":160},
	"rotated": false,
	"trimmed": false,
	"spriteSourceSize": {"x":0,"y":0,"w":159,"h":160},
	"sourceSize": {"w":159,"h":160}
},
{
	"filename": "item-scatter-gem.png",
	"frame": {"x":1217,"y":163,"w":159,"h":160},
	"rotated": false,
	"trimmed": false,
	"spriteSourceSize": {"x":0,"y":0,"w":159,"h":160},
	"sourceSize": {"w":159,"h":160}
},
{
	"filename": "item-wild-gem.png",
	"frame": {"x":1217,"y":325,"w":159,"h":160},
	"rotated": false,
	"trimmed": false,
	"spriteSourceSize": {"x":0,"y":0,"w":159,"h":160},
	"sourceSize": {"w":159,"h":160}
}],
"meta": {
	"app": "https://www.codeandweb.com/texturepacker",
	"version": "1.0",
	"image": "slot-5-main.png",
	"format": "RGBA8888",
	"size": {"w":1420,"h":692},
	"scale": "1",
	"smartupdate": "$TexturePacker:SmartUpdate:776236539d91746f5efb220dbd10dc27:1f86b29fbb26f801c03bbbc722c433d3:57f50ce189a892af26427197101b141e$"
}
}
